y_col,n_perm,formula,observed_val,observed_val_p,p_perm,ave_null_dist
exc,10000,n_trials ~ age_years ,-11.001848617588655,0.1426990889197299,0.1463853614638536,0.06993044571248627
