metric,formula_full,BF10_age,BF10_age_category,BF10_region,mean_contrast,low_ci_contrast,high_ci_contrast,mean_age,low_ci_age,high_ci_age,age_ci_conclusion,contrast_ci_conclusion
pre_fr,log_pre_fr ~ age_years + abs_contrast + n_trials + cluster_region,[1.0743004e+28],strong H1,[inf],-0.01075207296600771,-0.039493564415154093,0.018071987501002796,0.21878375536302472,0.1827815639104635,0.25478161784086933,True,False
post_fr,log_post_fr ~ age_years + abs_contrast + n_trials + cluster_region,[6.90975924e+27],strong H1,[inf],-0.1360174414660108,-0.1667839114222892,-0.10577337230436713,0.23158289837731588,0.1929330894440615,0.2705891012103017,True,True
fr_delta_modulation,fr_delta_modulation ~ age_years + cluster_region + n_trials,[0.29144053],moderate H0,[1.7999506e+16],,,,0.37317984056430437,0.043583421975473824,0.705509409867806,True,True
pre_ff,log_pre_ff ~ age_years + abs_contrast + n_trials + cluster_region,[0.01057539],strong H0,[inf],0.009277191433794607,0.0018807568675962142,0.01683615759024829,0.0003918849190092997,-0.009156809110722515,0.009949066902188107,False,True
post_ff,log_post_ff ~ age_years + abs_contrast + n_trials + cluster_region,[7.43438059e+22],strong H1,[inf],-0.08596608175510673,-0.09337239984618775,-0.07849117596679081,0.05072925382292291,0.04141783149604152,0.060015424593220804,True,True
ff_quench,ff_quench ~ age_years + abs_contrast + n_trials + cluster_region,[2.5382277e+16],strong H1,[8.72045204e+240],-0.1289225955260396,-0.1411373069568499,-0.11675887442706744,0.07219604824914358,0.05646458692966283,0.08761175392005242,True,True
ff_quench_modulation,ff_quench_modulation ~ age_years + cluster_region + n_trials,[1.28536346],weak H1,[1296423.56319142],,,,-0.06474465004384615,-0.10993906641935233,-0.018452177961338193,True,True
