,metric,formula_full,BF10_age,BF10_age_category,BF10_region,mean_contrast,low_ci_contrast,high_ci_contrast,mean_age,low_ci_age,high_ci_age,age_ci_conclusion
0,pre_ff,log_pre_ff ~ age_years + n_trials + cluster_region,0.025608786533527488,strong H0,4.863992007285562e+239,,,,-0.00058038331714359,-0.026956041445079414,0.026269180878717647,False
1,post_ff,log_post_ff ~ age_years + n_trials + cluster_region,474.59544469160454,strong H1,1.7229587938786342e+274,,,,0.056048618975085514,0.03114305518007961,0.08086047615941197,True
2,ff_quench,ff_quench ~ age_years + n_trials + cluster_region,1743.2562564515047,strong H1,1.6459387841836552e+50,,,,0.0702797802520426,0.040518663579957225,0.09880237100285269,True
