,metric,formula_full,BF10_age,BF10_age_category,BF10_region,mean_contrast,low_ci_contrast,high_ci_contrast,mean_age,low_ci_age,high_ci_age,age_ci_conclusion,contrast_ci_conclusion
0,pre_fr,log_pre_fr ~ age_years + abs_contrast + n_trials + cluster_region,2.3172304263364896e+27,strong H1,inf,-0.011865715684645551,-0.04085596034911728,0.0172332929532169,0.2160896813104007,0.17983220850393172,0.2522482944844971,True,False
1,post_fr,log_post_fr ~ age_years + abs_contrast + n_trials + cluster_region,1.4588027308998053e+27,strong H1,inf,-0.13537356925217897,-0.16621023022984271,-0.10458416385255621,0.22922028164805017,0.19150856683828688,0.26797739717003777,True,True
2,fr_delta_modulation,fr_delta_modulation ~ age_years + cluster_region + n_trials,0.2811386133242307,moderate H0,1.5135068345911904e+16,,,,0.3728154614835035,0.04073254926760483,0.7057851952401728,True,True
3,pre_ff,log_pre_ff ~ age_years + abs_contrast + n_trials + cluster_region,0.011238123918037888,strong H0,inf,0.00916633648269922,0.0015731910097858516,0.01679087153810126,0.00029674116875044797,-0.009315718902559784,0.010005617235060556,False,True
4,post_ff,log_post_ff ~ age_years + abs_contrast + n_trials + cluster_region,1.060993254951422e+23,strong H1,inf,-0.08583766165300838,-0.09339594534786241,-0.07850848628135779,0.050861603120120426,0.041595229671204714,0.0602225173233191,True,True
5,ff_quench,ff_quench ~ age_years + abs_contrast + n_trials + cluster_region,2.6686828067393816e+16,strong H1,4.0436441906692975e+239,-0.12872272125913226,-0.14076820455165898,-0.11665278504299553,0.07230259285094415,0.0574782366754339,0.08782579649827234,True,True
6,ff_quench_modulation,ff_quench_modulation ~ age_years + cluster_region + n_trials,1.421050198999165,weak H1,1836331.4997832424,,,,-0.06597548748019977,-0.11061806300690405,-0.02070267836966783,True,True
