y_var,formula,observed_val,observed_val_p,p_perm,pearson_r,BF10,BF_conclusion,n_perm,ave_null_dist
rt_median,rt_median ~ age_years,0.0020799341997657476,0.88861721931156,0.9306930693069307,0.007330571434128186,0.06601874671354979,strong H0,100,-0.0006381166482928093
rt_CV,rt_CV ~ age_years,0.15810719184748,1.960751605632502e-16,0.009900990099009901,0.3954058615473696,1649712411049.2812,strong H1,100,0.002413954970626214
