y_var,n_perm,formula,observed_val,observed_val_p,p_perm,person_r,BF10,BF_conclusion,ave_null_dist,null_dist
abs_bias,10000,abs_bias ~ age_years,2.9896224970900027,0.00046550313624545825,0.0006999300069993001,0.18019244288444816,26.148787125214103,strong H1,-0.004620676324164719,"[ 0.73043817 -1.06341073 -0.47223607 ...  0.59978405  0.14720045
 -0.01806331]"
threshold,10000,threshold ~ age_years,6.005213930343143,8.904165973592755e-07,9.999000099990002e-05,0.24912289060974424,7348.068094149967,strong H1,0.003690552265161739,"[-0.67994632 -1.71684004 -1.38298993 ...  0.93291916  2.40375567
  2.24805767]"
mean_lapse,10000,mean_lapse ~ age_years,0.02888590811061218,6.473026912609422e-08,9.999000099990002e-05,0.2722361198857369,76825.82376001129,strong H1,-4.3344776449860065e-05,"[ 0.00285715  0.00980797  0.00349574 ... -0.00258106 -0.00130561
 -0.00245777]"
