y_var,formula,observed_val,observed_val_p,p_perm,pearson_r,BF10,BF_conclusion,n_perm,ave_null_dist
abs_bias,abs_bias ~ age_years,2.985863642916507,0.00037501693594751647,0.009900990099009901,0.1830399404669229,31.751664760770332,strong H1,100,0.04193250640736638
threshold,threshold ~ age_years,6.35877652921932,7.146546246809851e-08,0.009900990099009901,0.27140720026406995,70331.4706410651,strong H1,100,-0.0980422156060738
mean_lapse,mean_lapse ~ age_years,0.028112949504726745,1.317241667432584e-08,0.009900990099009901,0.28515262854789947,316857.527199885,strong H1,100,0.0007894588048302416
