y_var,n_perm,formula,observed_val,observed_val_p,p_perm,person_r,BF10,BF_conclusion,ave_null_dist,null_dist
rt_median,10000,rt_median ~ age_years,0.0020799341997657476,0.88861721931156,0.8916108389161084,0.007330571434128186,0.06601874671354979,strong H0,6.504003354390448e-05,"[-0.01599041 -0.0036687   0.0071137  ... -0.00237045  0.01722117
  0.01617979]"
rt_CV,10000,rt_CV ~ age_years,0.15810719184748,1.960751605632502e-16,9.999000099990002e-05,0.3954058615473696,1649712411049.2812,strong H1,-0.00010379857648416047,"[-0.03950421 -0.01921017 -0.0254073  ...  0.01924782  0.01897555
 -0.00887489]"
