,Mean,SD,Naive SE,Time-series SE,2.5%,25%,50%,75%,97.5%
mu,1.8157840356289072,0.011437146450591018,0.00011437146450591018,0.00011437146450591009,1.793527223066919,1.8080576123918428,1.8158252959082486,1.8234690688659678,1.8383326511377627
age_years,-0.22120407312186668,0.04311462527644265,0.00043114625276442645,0.0004311462527644277,-0.30524774547664246,-0.25055063357452934,-0.2213143135808292,-0.19243629557554362,-0.13750868866804888
abs_contrast,0.030656426715924206,0.03236617822336676,0.0003236617822336676,0.0003236617822336672,-0.03325322783850757,0.009062411434432673,0.03039300805687241,0.05255938310513737,0.09330881729426634
n_trials,0.00578411212933184,0.0014309882401271074,1.4309882401271073e-05,1.4309882401271062e-05,0.0029825314047875456,0.004812883780105781,0.005793755306457956,0.006736354505005929,0.008623663236838316
sig2,2.507373379910011,0.02586007007722283,0.00025860070077222833,0.0002586007007722284,2.4573344016448297,2.4899845308771873,2.5072363292859547,2.524600975822691,2.558275084050614
g,0.06654194724166597,0.1954916190774332,0.0019549161907743318,0.0019549161907743274,0.011420306930868271,0.023886750897883398,0.038554356765123934,0.06786637730506756,0.2792370607711629
