criterion,y_var,n_perm,formula,observed_val,observed_val_p,p_perm,ave_null_dist
first_recording,num_days,10000,num_days ~ age_years,40.53023762394912,1.732101901883022e-11,9.999000099990002e-05,0.05901691950839297
first_recording,num_sessions,10000,num_sessions ~ age_years,40.774633712267146,2.5444493260757063e-11,9.999000099990002e-05,0.17285652715110633
first_recording,num_trials,10000,num_trials ~ age_years,33997.55456422846,2.5401301641709477e-11,9.999000099990002e-05,19.75542165841476
get_trained,num_days,10000,num_days ~ age_years,17.30107296637412,3.295237270416557e-07,9.999000099990002e-05,-0.011798578785534789
get_trained,num_sessions,10000,num_sessions ~ age_years,17.25999066631612,3.920885638789131e-07,9.999000099990002e-05,0.08807450788354539
get_trained,num_trials,10000,num_trials ~ age_years,13494.62847288126,5.160368973073721e-09,9.999000099990002e-05,0.3327413899228879
