criterion,y_var,n_perm,formula,observed_val,observed_val_p,p_perm,ave_null_dist
first_recording,num_days,100,num_days ~ age_years,40.53023762394912,1.732101901883022e-11,0.009900990099009901,0.41121548870443375
first_recording,num_sessions,100,num_sessions ~ age_years,40.774633712267146,2.5444493260757063e-11,0.009900990099009901,-0.199870875310651
first_recording,num_trials,100,num_trials ~ age_years,33997.55456422846,2.5401301641709477e-11,0.009900990099009901,754.4730872244432
get_trained,num_days,100,num_days ~ age_years,17.30107296637412,3.295237270416557e-07,0.009900990099009901,0.5184470008581674
get_trained,num_sessions,100,num_sessions ~ age_years,17.25999066631612,3.920885638789131e-07,0.009900990099009901,-0.3845965914289766
get_trained,num_trials,100,num_trials ~ age_years,13494.62847288126,5.160368973073721e-09,0.009900990099009901,31.96060088716071
